business_id,name,address,city,state,postal_code,latitude,longitude,stars,review_count,is_open,categories,delivery_or_takeout,grubhub_enabled,call_to_action_enabled,request_quote_enabled,covid_banner,temporarycloseduntil
g4rkl-BorzlT1hIz_-vsew,Icehouse,2100 S Blvd,Charlotte,NC,28203,35.20822457,-80.86067453,3,103,0,"Sports Bars, Bars, Restaurants, American (New), Nightlife, Asian Fusion",TRUE,TRUE,FALSE,FALSE,FALSE,FALSE
S9YurL0myEzZqWBgKo3avA,Pelicanâ€™s Snoballs Of Uptown Clt,1200 N Davidson St,Charlotte,NC,28206,35.23208619,-80.8244556,3.5,3,1,"Food, Shaved Ice, Desserts",FALSE,FALSE,FALSE,FALSE,FALSE,FALSE
WvC9K0ZEOTbR7fh-LNe5_A,Famous Toastery,2400 Park Rd,Charlotte,NC,28203,35.1985583,-80.8525254,3.5,357,1,"Restaurants, Breakfast & Brunch, American (Traditional), Event Planning & Services, Coffee & Tea, Food, Caterers",TRUE,FALSE,TRUE,FALSE,"We are happy to announce that we have moved into Phase 2 (well its been a few days, but better late than never)!  We are observing all recommendations by the state and the health department to help our staff and customers stay safe!  
- All staff are required to wear masks
- All staff are required to wear gloves, and change them frequently 
- Frequent use of Sanitizer on all tables, chairs, door handles, etc
- All tables are clear of any multi use items, and we are using disposable single use items whenever possible.
- We are using recycled paper single use menus ONLY!

When you come to visit us we just ask that you don''t move any tables around, and that you do your best to maintain 6ft of distance from other customers that are not in your group!

We are happy to be able to welcome everyone back, and look forward to doing so while keeping everyone safe and comfortable!",FALSE
XXm8lwYNH9gQpKq1Xek_YQ,Papa John's Pizza,6600 E Independence Blvd,Charlotte,NC,28212,35.1708445,-80.7457141,2.5,26,1,"Pizza, Restaurants",TRUE,FALSE,TRUE,FALSE,FALSE,FALSE
XAF7PPOkeyTcEYrbcTbTkQ,Piedmont Farmer's Market,518 Winecoff School Rd,Concord,NC,28027,35.4450691,-80.6253853,4.5,3,1,"Farmers Market, Food, Local Flavor",TRUE,FALSE,FALSE,FALSE,FALSE,FALSE
GvKx1QL6XLyMZnWZun1DPQ,Maxwell's Tavern,112 E South Main St,Waxhaw,NC,28173,34.9246135,-80.7430295,4,216,1,"American (Traditional), Greek, Southern, Restaurants",TRUE,FALSE,FALSE,FALSE,FALSE,FALSE
Bm_t6Ka9niKJ-6_QTjkg1g,Wendy's,5501 Birmingham Pkwy,Charlotte,NC,28208,35.22024918,-80.94733429,3,26,1,"Burgers, Restaurants, Fast Food",TRUE,FALSE,FALSE,FALSE,FALSE,FALSE
uMesmY4M3Nx6I4WLI1p1IQ,Moe's Southwest Grill,Nc Hwy 74 At Wellness Blvd,Monroe,NC,28110,35.0233054,-80.5793824,2,14,1,"Tex-Mex, American (Traditional), Mexican, Food, Restaurants, American (New)",TRUE,FALSE,TRUE,FALSE,FALSE,FALSE
mPYpebPZ8AxzbtAxvwFj2A,Gogi - A Korean Food Truck,9545 Pinnacle Dr,Charlotte,NC,28262,35.3292335,-80.7388077,3.5,16,1,"Food, Restaurants, Korean, Food Trucks",FALSE,FALSE,FALSE,FALSE,FALSE,FALSE
DFHQK3sI846ztJVkDGLOjw,Genaro's Rotisserie,"14039 Independence Blvd, Ste A5",Indian Trail,NC,28079,35.0781245,-80.6543593,3.5,46,0,"Latin American, Restaurants",TRUE,FALSE,FALSE,FALSE,FALSE,FALSE
Ii9Xyl1K62Wc9Lp7c_PJHA,Lindy's Homemade Italian Ice,920 Black Satchel Rd,Charlotte,NC,28216,35.2807583,-80.8796254,4.5,3,1,"Ice Cream & Frozen Yogurt, Food",FALSE,FALSE,FALSE,FALSE,FALSE,FALSE
U5sBiEbdqGxNm4LYfQZufA,Harper's Restaurant,11059 Carolina Place Pkwy,Pineville,NC,28134,35.0814977,-80.8772267,3.5,135,1,"Restaurants, Sandwiches, Breakfast & Brunch, American (Traditional), Burgers",TRUE,TRUE,FALSE,FALSE,FALSE,FALSE
L_RotH31jKbxf32WBrw43A,Me Vietnamese Kitchen,"2524 E Franklin Blvd, Ste A",Gastonia,NC,28056,35.26138822,-81.1321285,4,90,1,"Vietnamese, Restaurants, Comfort Food, Noodles, Food, Gluten-Free, Bubble Tea, Soup, Sandwiches",TRUE,TRUE,FALSE,FALSE,FALSE,FALSE
2Y8VrZqq85FLwPtpekGSeA,Desserts Delivered,1306 Central Ave,Charlotte,NC,28205,35.220689,-80.816567,4.5,8,0,"Desserts, Food",FALSE,FALSE,FALSE,FALSE,FALSE,FALSE
cEM7A5vWUeQhdK7UqOEcuA,Sweet Frog,7500-7610 Hwy 51,Charlotte,NC,28226,35.0878099,-80.8467939,3.5,7,0,"Food, Do-It-Yourself Food, Ice Cream & Frozen Yogurt, Desserts",FALSE,FALSE,FALSE,FALSE,FALSE,FALSE
2rEVm0bVQzKj8rndiEVjpg,Rullo Di Pasta,"12206 Copper Way, Ste 138",Charlotte,NC,28277,35.070495,-80.8445179,2.5,3,0,"Italian, Restaurants",TRUE,FALSE,FALSE,FALSE,FALSE,FALSE
GxA47kwAz_fMU-giHGFSDQ,Wingstop,"624 Tyvola Rd, Ste 101",Charlotte,NC,28217,35.1637643,-80.8846038,2,62,1,"Chicken Wings, Restaurants",TRUE,TRUE,TRUE,FALSE,"Due to ongoing precautionary measures, please contact the business directly for updated hours and availability.",FALSE
cxlylBjh7io480BUPpy8Sw,Subway,"Kenilworth Common Shopping Ct, 1235 D East Blvd",Charlotte,NC,28203,35.202849,-80.844947,3.5,5,0,"Food, Restaurants, Sandwiches, Fast Food",TRUE,FALSE,FALSE,FALSE,FALSE,FALSE
xSIkiqB2tuiyJwFmPyNR5Q,Romano's Macaroni Grill,10706 Providence Rd,Charlotte,NC,28277,35.06431964,-80.77111649,2.5,62,0,"Restaurants, Italian",TRUE,FALSE,FALSE,FALSE,FALSE,FALSE
OhcNR81DiJI9ajhk2oBtnA,Yama,"11641 Waverly Center Dr, Ste K-2",Charlotte,NC,28277,35.0511485,-80.7683883,4,120,1,"Restaurants, Asian Fusion, Sushi Bars, Japanese, Bars, Nightlife",TRUE,TRUE,FALSE,FALSE,FALSE,FALSE
gkjs1qpyERMW5VyIsp-dUw,Taco Bell,3117 Freedom Drive,Charlotte,NC,28208,35.242165,-80.888954,2,19,1,"Restaurants, Fast Food, Mexican, Tex-Mex, Tacos",TRUE,TRUE,TRUE,FALSE,"Taco Bell restaurants are taking enhanced safety measures to keep our customers and employees safe and healthy. Please visit TacoBell.com for updated hours and availability, and to learn more about our enhanced safety measures. Now offering a contactless drive-thru experience.",FALSE
VFIttpRRNETIBUdjgSvxKg,Sea Salt Brazilian Grill,1902 W Roosevelt Blvd,Monroe,NC,28110,35.0035317,-80.5536603,4.5,23,0,"Latin American, Steakhouses, Restaurants, Brazilian, Salad",TRUE,FALSE,FALSE,FALSE,FALSE,FALSE
zPUjrM223oSulvRRhpkAmQ,Lenny Boy Brewing,3000 S Tryon St,Charlotte,NC,28217,35.201444,-80.873595,4.5,136,1,"Food, Beer Bar, Beer Gardens, Breweries, Kombucha, Pubs, Brewpubs, Bars, Nightlife",TRUE,FALSE,TRUE,FALSE,FALSE,FALSE
Qr9rof7s2llPR92t9gvy1w,Harmony Hall - Carowinds Dining,14523 Carowinds Blvd,Charlotte,NC,28273,35.102643,-80.939722,3.5,11,1,"Restaurants, American (Traditional)",FALSE,FALSE,FALSE,FALSE,FALSE,FALSE
mRAKB5ZyMvlURYsavdIa1Q,Bao and Broth,"1115 N Brevard St, Ste 15",Charlotte,NC,28206,35.234422,-80.827225,3,65,1,"Chinese, Restaurants, Japanese, Ramen",FALSE,FALSE,FALSE,FALSE,FALSE,FALSE
3tZDHQnqe9X6LVNadqFq1Q,American Burger,5349 Ballantyne Commons Pkwy,Charlotte,NC,28277,35.0622318,-80.7733554,3,11,0,"Restaurants, American (Traditional), Burgers, Sandwiches",TRUE,FALSE,FALSE,FALSE,FALSE,FALSE
aV3wVFG0crHEChYrcXv2cg,Wingstop,"8334 Pineville-Matthews Rd, Ste 105",Charlotte,NC,28226,35.0881103,-80.8607807,2.5,22,1,"Restaurants, Chicken Wings",TRUE,FALSE,TRUE,FALSE,"Due to ongoing precautionary measures, please contact the business directly for updated hours and availability.",FALSE
RMnRn8TlJEva0l3UfForaw,Sugar Daddy's Food Truck,,Charlotte,NC,28262,35.3301529,-80.7325287,4,8,1,"Restaurants, Southern, Food Trucks, Food, Caterers, Event Planning & Services",FALSE,FALSE,FALSE,FALSE,FALSE,FALSE
y14TQfHRL5Gkk-CorcR6bg,Euro Grill & Cafe,2719 Central Ave,Charlotte,NC,28205,35.2189966,-80.797147,4.5,78,1,"American (New), Modern European, Mediterranean, American (Traditional), Restaurants, Food, Turkish, Specialty Food",TRUE,TRUE,TRUE,FALSE,FALSE,FALSE
IPEf6HTV5vikiDLjn6wa-Q,Hardee's,4201 E WT.Harris Blvd,Charlotte,NC,28215,35.2579847,-80.7356899,3,6,1,"Fast Food, Restaurants, Burgers",TRUE,TRUE,TRUE,FALSE,FALSE,FALSE
ayi6dknB8yFAixYyNZd4MQ,The Best NY Bagel Deli,19826 N Cove Rd,Cornelius,NC,28031,35.4787634,-80.8933777,1.5,5,1,"Restaurants, Bagels, Food",FALSE,FALSE,FALSE,FALSE,FALSE,FALSE
cKu4EItzJjo2SkTC6CDucg,Cocoa's Octails & Jerk,1821 Bishop Madison Ln,Charlotte,NC,28216,35.273457,-80.853378,2,8,1,"Caribbean, Restaurants",TRUE,TRUE,FALSE,FALSE,FALSE,FALSE
PGr18rKxQ41vLkqL5WT8vw,Taziki's Mediterranean Cafe,"7107 Waverly Walk Ave, Ste 5",Charlotte,NC,28277,35.054206,-80.767771,3,55,1,"Salad, Restaurants, Greek, Mediterranean",TRUE,TRUE,FALSE,FALSE,"Friends,

During this uncertain time, we are committed to remaining a constant source of reliability to you and your family. We are open to serve you through our curbside feature available.

Thanks,
Your Local Taziki''s Team",FALSE
b_NKk3X2aOYtFltlXD7qjA,Le Bon Vivant,1 Union St S,Concord,NC,28025,35.41062812,-80.58103547,4,4,1,"Custom Cakes, Restaurants, Bakeries, Food, Cafes, Specialty Food, Chocolatiers & Shops",FALSE,FALSE,FALSE,FALSE,FALSE,FALSE
05bBnawpe-Ahy53bt4R5gg,Town Brewing Company,800 Grandin Rd,Charlotte,NC,28208,35.23004,-80.8654966,4.5,65,1,"Breweries, Food, Restaurants",TRUE,FALSE,FALSE,FALSE,FALSE,FALSE
57aBx6Mo_VRk_kMA8J5Efg,Taqueria La Unica,4305 Old Monroe Rd,Indian Trail,NC,28079,35.0678367,-80.6775554,4.5,275,1,"Mexican, Restaurants",TRUE,TRUE,FALSE,FALSE,FALSE,FALSE
dfrYOqM0hxcsOTPIcRDUVg,Taste of Buffalo Pizzeria,"9610 Sherrill Estates Rd, Ste B",Huntersville,NC,28078,35.4367436,-80.8650021,3.5,100,1,"Italian, Restaurants, Pizza, Sandwiches",TRUE,TRUE,FALSE,FALSE,FALSE,FALSE
8xlME4uNKp1X_-KXmrJOUg,CAVA,4267 Park Rd,Charlotte,NC,28209,35.173746,-80.850041,4,82,1,"Mediterranean, Restaurants",TRUE,FALSE,TRUE,FALSE,FALSE,FALSE
ryhFIQc4NbAZIfq3JUvf1Q,CCs Sweet Potato Pies,,Charlotte,NC,28216,35.3202223,-80.8875861,4.5,15,0,"American (Traditional), Desserts, Restaurants, Food, Cheesesteaks",TRUE,FALSE,FALSE,FALSE,FALSE,FALSE
uejutOD4_-IUaY5cKkpezg,Rush Espresso Cafe and Wine Bar,"14825 Ballantyne Village Way, Ste 135",Charlotte,NC,28277,35.054163,-80.8519884,4,248,0,"Breakfast & Brunch, Wine Bars, Coffee & Tea, Bars, Nightlife, Internet Cafes, Food, Cafes, Restaurants",TRUE,FALSE,FALSE,FALSE,FALSE,FALSE
mUf_yFqSGd1Rvamcd7PCmw,7-Eleven,9025 Mallard Creek Rd,Charlotte,NC,28262,35.32722742,-80.77369444,2.5,3,1,"Coffee & Tea, Food, Service Stations, Gas Stations, Gas Stations, Automotive, Convenience Stores",TRUE,FALSE,TRUE,FALSE,FALSE,FALSE
dlt1ugrobTjdjX6U73gbsw,Carolina Grill,1816 Galleria Blvd.,Charlotte,NC,28270,35.137223,-80.734594,3.5,4,0,Restaurants,TRUE,FALSE,FALSE,FALSE,FALSE,FALSE
zL7ur9zT-WIUTHJrrh_xSg,Five Guys,2212 E Franklin Blvd,Gastonia,NC,28052,35.262099,-81.140282,4.5,30,1,"Burgers, Restaurants, Sandwiches, Fast Food, American (New)",TRUE,TRUE,FALSE,FALSE,FALSE,FALSE
DmupcPKLqSMnN0501uilGg,Rice Box,7558 Highway 73,Denver,NC,28037,35.4436877,-80.9922813,3.5,43,1,"Asian Fusion, Thai, Restaurants",TRUE,FALSE,FALSE,FALSE,FALSE,FALSE
#NAME?,7-Eleven,2601 South Blvd,Charlotte,NC,28209,35.20199408,-80.86504385,3,4,1,"Gas Stations, Coffee & Tea, Automotive, Food, Service Stations, Gas Stations, Convenience Stores",TRUE,FALSE,TRUE,FALSE,FALSE,FALSE
J3YktOV6HCQYIVRU_lVZJA,Chipotle Mexican Grill,"9335 N Tryon St, Ste 101",Charlotte,NC,28262,35.31324867,-80.74320083,2.5,93,1,"Restaurants, Food, Mexican, Fast Food",TRUE,TRUE,TRUE,FALSE,FALSE,FALSE
0oIsNHqcQYESNCIk5WAUcQ,Micky Chow's Super Buffet,902 Union Rd,Gastonia,NC,28054,35.252224,-81.17556,2,3,0,"Food, Chinese, Restaurants",FALSE,FALSE,FALSE,FALSE,FALSE,FALSE
9_onoqwv9ZdItxc8OlUKAg,Customshop Handcrafted Food,1601 Elizabeth Ave,Charlotte,NC,28204,35.2138358,-80.826382,4,204,1,"American (New), Breakfast & Brunch, Restaurants, Italian, Seafood",TRUE,TRUE,FALSE,FALSE,FALSE,FALSE
CyKsmdixwdmqYPXzzSkU6Q,Edgewater Bar & Grille,8629 J M Keynes Dr,Charlotte,NC,28262,35.308833,-80.750761,4,29,1,"Breakfast & Brunch, American (Traditional), Southern, Restaurants, Bars, Nightlife",TRUE,TRUE,FALSE,FALSE,FALSE,FALSE
kljTFMQVhPyzjS5khPyAyA,Zaxby's Chicken Fingers & Buffalo Wings,6911 Brighton Park Dr,Mint Hill,NC,28227,35.1700669,-80.6616717,2,19,1,"Restaurants, Fast Food, Salad, Chicken Wings",TRUE,FALSE,TRUE,FALSE,FALSE,FALSE
uVm_OvI7xhHpgbqGWkoNNQ,Walmart Supercenter,3000 E Franklin Blvd,Gastonia,NC,28056,35.26257,-81.124149,2,13,1,"Discount Store, Drugstores, Food, Department Stores, Shopping, Mobile Phones, Fashion, Grocery, Electronics",TRUE,FALSE,TRUE,FALSE,FALSE,FALSE
24UDZTAMDUaugpkchFk60w,Treehouse Whiskey & Fork,4423 Sharon Rd,Charlotte,NC,28211,35.150823,-80.827849,2.5,225,0,"Food, American (New), Whiskey Bars, Restaurants, Nightlife, Bars",TRUE,FALSE,FALSE,FALSE,FALSE,FALSE
Z_mJYg3vi8cPZHa1J4BALw,Kindred Restaurant,131 N Main St,Davidson,NC,28036,35.4999098,-80.84835286,4.5,495,1,"American (New), Restaurants, Nightlife, Bars, Diners, Cocktail Bars",TRUE,TRUE,FALSE,FALSE,FALSE,FALSE
6rFjfFSavabsIxEKuWdk5w,Metro Diner,"10412 E Independence Blvd, Ste 400",Matthews,NC,28105,35.126887,-80.708307,4,304,1,"Restaurants, Breakfast & Brunch, Diners, American (Traditional)",TRUE,TRUE,TRUE,FALSE,"We are open for limited capacity in-restaurant dining, pick-up & delivery orders! Place your orders through our website, by calling directly, or through Doordash & UberEats. Metro Diner team members are taking action to heighten cleaning and sanitation procedures to ensure your comfort and safety. We are taking steps to communicate in real time with all team members ensuring they remain vigilant, attentive and meet the recommendations from CDC, WHO, and local health agencies.",FALSE
9xA2E8wlqu2omrXuYlvMIg,Anzi Pizzeria,8133 Ardrey Kell Rd,Charlotte,NC,28277,35.0391005,-80.7943885,3,37,1,"Restaurants, Pizza, Food, Sandwiches, Food Delivery Services, Sicilian, Italian",FALSE,TRUE,FALSE,FALSE,FALSE,FALSE
KfCAV-javso3RlaUrGVoYw,Two Sons Barbeque,647 N Hwy 16,Denver,NC,28037,35.460461,-80.99309,4.5,40,1,"Barbeque, Restaurants",TRUE,FALSE,FALSE,FALSE,FALSE,FALSE
19fdSca3MUoaGFNX2BrjTQ,Umami PokÃ©Rito,7510 Pineville Matthews Rd,Charlotte,NC,28226,35.088049,-80.845964,4.5,158,1,"Restaurants, Japanese, Sushi Bars, Poke, Food",TRUE,TRUE,TRUE,FALSE,"Due to the current COVID-19, Umami Pokerito will continue to use extensive sanitary measures as recommended by CDC, WHO, and other health officials. Thank you for continuing to support local businesses during this time.",FALSE
yqg_xBqK5zB0iSYVFDw1hw,Jersey Mike's Subs,"6580 Old Monroe Rd, Ste E",Indian Trail,NC,28079,35.0476334,-80.6489494,3.5,11,1,"Restaurants, Delis, Sandwiches, Fast Food",TRUE,FALSE,TRUE,FALSE,FALSE,FALSE
kFEqEz7xdkCNHlJJzenssA,Zink American Kitchen,201 N Tryon St,Charlotte,NC,28202,35.228417,-80.841415,3.5,36,0,"American (New), Restaurants",TRUE,FALSE,FALSE,FALSE,FALSE,FALSE
njsYgYLUtEJAGvdes33hPg,Sam's Grille,614 Indian Trl Rd S,Indian Trail,NC,28079,35.06902628,-80.67873091,4.5,4,0,"Greek, Restaurants, Cajun/Creole, American (New)",FALSE,FALSE,FALSE,FALSE,FALSE,FALSE
lyg_0ArnX4fXed1cqCDAWA,Papa John's Pizza,"3805 Concord Pkwy S, Ste 116",Concord,NC,28027,35.3675829,-80.6654208,3,6,1,"Pizza, Restaurants, Italian",TRUE,FALSE,TRUE,FALSE,FALSE,FALSE
HhvRKpXRpKi7TUrAkRfPTw,5 Guys  Burgers & Fries,3203 W Hwy 74,Monroe,NC,28110,35.01946969,-80.5783852,4.5,5,1,"Restaurants, Burgers",TRUE,FALSE,FALSE,FALSE,FALSE,FALSE
0vkRt9v0gIodsRtunw9wgQ,Teddy's Pizza,5820 E Wt Harris Blvd,Charlotte,NC,28215,35.235417,-80.734971,3.5,32,1,"Restaurants, Pizza, Chicken Wings",TRUE,TRUE,FALSE,FALSE,FALSE,FALSE
WLCdg4ib7-_7b8epoXRjAw,Ho Ho Cherry House,2001 E 7th St,Charlotte,NC,28204,35.2123879,-80.8171465,3,153,1,"Chinese, Restaurants",TRUE,TRUE,FALSE,FALSE,FALSE,FALSE
ChwJAokUc5B6N_ylr-hMig,Thai Marlai,19700 1 Norman Blvd,Cornelius,NC,28031,35.480913,-80.882426,4,19,0,"Seafood, Chinese, Thai, Restaurants",TRUE,FALSE,FALSE,FALSE,FALSE,FALSE
tX_iCdTBVx9zbhBACgl4MA,QuikTrip,383 George Liles Pkwy,Concord,NC,28027,35.4147986,-80.6682383,4,10,1,"Gas Stations, Grocery, Food, Automotive, Convenience Stores, Local Services",TRUE,FALSE,FALSE,FALSE,FALSE,FALSE
XWCpc7rYsgv-u3BIoG9Q7w,A Bao Time,3000 S Tryon St,Charlotte,NC,28262,35.201444,-80.873595,4.5,34,0,"Specialty Food, Food Trucks, Street Vendors, Food, Ethnic Food",TRUE,FALSE,FALSE,FALSE,FALSE,FALSE
vHlF8VSkELv6nKz5W4GDnw,Peninsula China Bistro,"19906 N Cove Rd, Ste A",Cornelius,NC,28031,35.4795,-80.893231,4,33,0,"Chinese, Restaurants, Sushi Bars, Japanese, Asian Fusion",TRUE,FALSE,FALSE,FALSE,FALSE,FALSE
iukFCvaofikgrnF6epSZEw,Nothing but Noodles,"12740 S Tryon St, Ste 100",Charlotte,NC,28273,35.105548,-80.986323,4,52,1,"Restaurants, Noodles",TRUE,TRUE,FALSE,FALSE,"Nothing but Noodles is currently open for take-out in store or curbside and offers delivery thru third party services: UberEats, DoorDash and Postmates.",FALSE
6Du78g14y2MyDSEWxcwOmw,Asian Market,2105 Acme Rd,Belmont,NC,28012,35.2719265,-81.0476702,3,5,1,"Food, Grocery",FALSE,FALSE,FALSE,FALSE,FALSE,FALSE
SVYUClB4UJ4dTnQO_AXWAg,Cook Out,2113 Union Rd,Gastonia,NC,28054,35.23315394,-81.17168911,1.5,11,1,"Hot Dogs, Burgers, Restaurants, Fast Food",TRUE,FALSE,FALSE,FALSE,FALSE,FALSE
uIN-iPt4a5cj9zgflXhyYA,Sal's Pizza Factory,3723 Monroe Rd,Charlotte,NC,28205,35.1999192,-80.7957083,4.5,128,1,"Pizza, Restaurants, Sandwiches, Gluten-Free, Italian",TRUE,TRUE,FALSE,FALSE,FALSE,FALSE
8YyBAyA3TKpaVxy99FRWjA,Taqueria Express,6927 Albemarle Rd,Charlotte,NC,28227,35.2033007,-80.7248416,3.5,27,1,"Mexican, Restaurants",TRUE,TRUE,FALSE,FALSE,FALSE,FALSE
AVU48nRBE_gAENaXh6SAuw,Dunkin',10175 Weddington Rd Ext,Concord,NC,28027,35.361002,-80.711569,3.5,7,1,"Donuts, Food, Coffee & Tea",FALSE,FALSE,TRUE,FALSE,FALSE,FALSE
1wEexq5NrFK_YQgl6GG6ng,McDonald's,6301 Albemarle Rd,Charlotte,NC,28212,35.2033796,-80.7380499,1.5,21,1,"Food, Fast Food, Burgers, Restaurants, Coffee & Tea",TRUE,FALSE,TRUE,FALSE,FALSE,FALSE
At3bSltMX8mrBWAHL9s-HA,Mandarin Chinese Restaurant,9548 Mt Holly Hntrsvlle Rd,Huntersville,NC,28078,35.3568505,-80.86880474,3.5,46,1,"Chinese, Restaurants",TRUE,TRUE,FALSE,FALSE,FALSE,FALSE
Xjp4BhSCg2LeuW-W-jDykg,Bruegger's Bagels,106 S Sharon Amity Rd,Charlotte,NC,28211,35.17598454,-80.79958836,2.5,39,0,"Breakfast & Brunch, Bagels, Restaurants, Sandwiches, Food",TRUE,TRUE,TRUE,FALSE,FALSE,FALSE
qc4X_-PNS-yFjO_JylePtg,Marco's Pizza,7284 Caldwell Rd,Harrisburg,NC,28075,35.31543998,-80.67430085,3.5,10,1,"Italian, Pizza, Restaurants, Chicken Wings",TRUE,TRUE,FALSE,FALSE,FALSE,FALSE
fLwF-h0hCtiTjYbAUtppsw,Know Your Farms,224 E 7th St,Charlotte,NC,28202,35.2277591,-80.8381993,4.5,3,0,"Food, Grocery, Farmers Market, CSA",FALSE,FALSE,FALSE,FALSE,FALSE,FALSE
1zIPHXKJGnzYraLEXQebig,The Charlotte Cafe,4127 Park Rd,Charlotte,NC,28209,35.1752633,-80.849552,3,71,0,"Restaurants, Sandwiches, Southern, American (Traditional), Breakfast & Brunch",TRUE,FALSE,FALSE,FALSE,FALSE,FALSE
bMIVYOyr0pOYHUDNsmSDwg,The Suffolk Punch,2911 Griffith St,Charlotte,NC,28203,35.2004683,-80.869111,3.5,356,1,"Restaurants, Food, Cocktail Bars, Gastropubs, Coffee & Tea, Pubs, Beer Bar, Breweries, American (Traditional), Bars, American (New), Nightlife, Breakfast & Brunch",TRUE,TRUE,TRUE,FALSE,Dine in with us or take-out!,FALSE
LimaR9NIDGwRP58Jc9SsQQ,Mai Thai,"3775 Concord Pkwy, Ste 132",Concord,NC,28027,35.367101,-80.665846,4.5,25,0,"Bars, Nightlife, Restaurants, Thai",TRUE,FALSE,FALSE,FALSE,FALSE,FALSE
GWwa6DzhA-Z2_BDZbunYPw,Katz Deli,8624 A Camfield,Charlotte,NC,28277,35.05432447,-80.81546174,4,65,1,"Restaurants, Delis, Food, Bagels, Sandwiches, American (Traditional), Burgers",TRUE,TRUE,FALSE,FALSE,FALSE,FALSE
4BEl7jCbias-xEr-LrA1qw,Starbucks,101 N Tryon St,Charlotte,NC,28246,35.22764,-80.842714,3,46,1,"Coffee & Tea, Food",TRUE,TRUE,TRUE,FALSE,FALSE,FALSE
8Oc8YMgnpc6vhe1hWAKY-Q,Jerusalem Restaurant,3145 N Sharon Amity Rd,Charlotte,NC,28205,35.203695,-80.760588,3,5,0,"Mediterranean, Restaurants, Middle Eastern",TRUE,FALSE,FALSE,FALSE,FALSE,FALSE
l0Z_H0B6xilt2mtJ76yOZQ,Jersey Mike's Subs,2332A Matthews Twp Pkwy,Matthews,NC,28105,35.127235,-80.700351,3.5,15,1,"Sandwiches, Restaurants, Delis, Fast Food",TRUE,FALSE,TRUE,FALSE,FALSE,FALSE
UEb3vp-T1RN85RgjNv04CQ,Taco Bell,258 Concord Parkway So.,Concord,NC,28027,35.396108,-80.611372,4.5,3,1,"Fast Food, Restaurants, Tacos, Mexican, Tex-Mex",TRUE,FALSE,TRUE,FALSE,"Taco Bell restaurants are taking enhanced safety measures to keep our customers and employees safe and healthy. Please visit TacoBell.com for updated hours and availability, and to learn more about our enhanced safety measures. Now offering a contactless drive-thru experience.",FALSE
0DyDT4NJNaIuDpT7nTIjxg,Chatpatay,9101 Pineville Matthews Rd,Pineville,NC,28134,35.0869866,-80.8717654,4,249,1,"Caterers, Food Delivery Services, American (New), Food, Restaurants, Event Planning & Services, Indian, Himalayan/Nepalese, Pakistani",TRUE,TRUE,TRUE,FALSE,FALSE,FALSE
8hkRhWdnSWQswxHHQb5x9g,The Grumpy Monk,2841 W Hwy 74,Monroe,NC,28110,35.0201278,-80.5787262,3.5,87,0,"Pubs, American (New), Beer Bar, Bars, Restaurants, Sushi Bars, Nightlife",TRUE,FALSE,FALSE,FALSE,FALSE,FALSE
DyOzNIeXUksPNLXYHnB-oQ,Sabor Latin Street Grill,415 Hawthorne Ln,Charlotte,NC,28204,35.2162131,-80.8216897,4.5,861,1,"Latin American, Mexican, Food, Restaurants, Street Vendors",TRUE,TRUE,FALSE,FALSE,FALSE,FALSE
6m2aLt5ZN04TC4o2lIBhkA,Juicys Outlaw Grill,"Southpark Mall, 4400 Sharon Rd",Charlotte,NC,28211,35.153939,-80.8317551,2,4,0,"American (Traditional), Restaurants",TRUE,FALSE,FALSE,FALSE,FALSE,FALSE
4uDOrAAIvcopxfmBKqN13A,The Loose Moose Cottage,10175 Weddington Rd,Concord,NC,28027,35.361253,-80.711239,3.5,11,1,"Breakfast & Brunch, Restaurants, American (New)",FALSE,FALSE,FALSE,FALSE,FALSE,FALSE
ZGOm1cjop63Fk0R41Z-PCw,Food Lion Inc-Store #2569,10120 Johnston Rd,Charlotte,NC,28210,35.0916791,-80.8583458,3.5,12,1,"Grocery, Food",TRUE,FALSE,FALSE,FALSE,FALSE,FALSE
6BnxVOwU-lPMOAS4d-b8_Q,Bull & Barrister Draft House and Grille,3615 Mount Holly-Huntersville Rd,Charlotte,NC,28216,35.32458209,-80.94645292,2,41,0,"Gastropubs, American (Traditional), Restaurants, Local Flavor, Steakhouses, Food, Beer, Wine & Spirits",TRUE,FALSE,FALSE,FALSE,FALSE,FALSE
m_JrQBdsGWC22IKitUUAAw,Bawarchi Indian Grill and Bar,10099 Weddington Rd Ext,Charlotte,NC,28027,35.3629755,-80.711826,3.5,58,1,"Restaurants, Indian, Nightlife, Bars",TRUE,TRUE,TRUE,FALSE,FALSE,FALSE
FSr36oNo_aT3v3W5MvwlJQ,Popeyes Louisiana Kitchen,13800 East Independence Blvd,Indian Trail,NC,28079,35.08326076,-80.66071117,1.5,19,1,"Seafood, American (Traditional), Fast Food, Sandwiches, Chicken Wings, Restaurants, Cajun/Creole",TRUE,TRUE,TRUE,FALSE,FALSE,FALSE
_D24o_hslw6Ez4xXfgbRVw,Akropolis Cafe At Arboretum,"8200 Providence Rd, Ste 1100",Charlotte,NC,28277,35.09554596,-80.77875302,3,82,1,"Mediterranean, Greek, Restaurants",TRUE,TRUE,FALSE,FALSE,FALSE,FALSE
z8fuQ6XYwfptZy-Tm1l9aQ,IHOP,9940 Pineville-Matthews Rd,Pineville,NC,28134,35.08549,-80.88484,2,71,1,"Waffles, Breakfast & Brunch, American (New), Restaurants, American (Traditional), Burgers",TRUE,FALSE,TRUE,FALSE,Pancake at your place with pick-up and delivery where available from IHOP and get 20% off your first order at IHOP.com. Note: menu has been limited to ensure we safely meet increased demand on orders. See ihop.com for details.,FALSE
6XN7DP9PD3e_FLmCZiG0Gg,McAlister's Deli,101 South Tryon St,Charlotte,NC,28280,35.226661,-80.843191,2.5,18,1,"Food, Restaurants, Salad, American (Traditional), Delis, Sandwiches",TRUE,TRUE,TRUE,FALSE,FALSE,FALSE
#NAME?,Los Arcos Mexican Restaurant,3542 Mount Holly Huntersville Rd,Charlotte,NC,28216,35.3225328,-80.9450291,3,75,1,"Restaurants, Mexican",TRUE,TRUE,FALSE,FALSE,FALSE,FALSE
